URL,Page Title,Meta Description,Keywords,Open Graph Title,Open Graph Description,Canonical URL,Page Type,Schema Types
/,"Best Roofing Now | Top-Rated Roofing Company Charlotte NC | BBB A+","Best Roofing Now is Charlotte's top-rated roofing contractor. 5-star Google rating, 500+ roofs installed, veteran-owned. Free inspections, storm damage experts. Call (704) 605-6047.","Best Roofing Now, roofing company Charlotte NC, roofers near me, roofing contractor near me, roof repair near me, roof replacement near me, Charlotte roofing company, veteran owned roofing, BBB A+ roofer","Best Roofing Now | Charlotte's Top-Rated Roofing Company","Charlotte's top-rated roofing contractor. 5-star Google rating, veteran-owned, BBB A+ rated. Free roof inspections and estimates.",https://bestroofingnow.com,Static,"FAQSchema, BreadcrumbSchema, LocalBusinessSchema, WebSiteSchema, HowToGetRoofEstimateSchema, FreeInspectionOfferSchema, ReviewsSchema, HomePageAEOSchemas, SpeakableContent"
/about,About Us | Veteran-Owned Roofing Company Charlotte NC,"Best Roofing Now is a veteran-owned, family-operated roofing company in Charlotte NC. Founded by James and his dad Fred with military values of integrity and service. BBB A+ rated, manufacturer certified.","veteran owned roofing company Charlotte, family owned roofer, James Turner roofing, CertainTeed certified, GAF certified, military veteran roofer, honest roofing contractor, Charlotte roofing experts, trusted local roofer",About Best Roofing Now | Veteran-Owned Charlotte Roofing,"Family-owned, veteran-operated roofing company serving Charlotte NC since 2019. BBB A+ rated with military values of integrity and excellence.",https://bestroofingnow.com/about,Static,"BreadcrumbSchema, EnhancedOrganizationSchema, PersonSchema"
/services,Roofing Services Charlotte NC | Roofing Contractor Near Me,"Professional roofing services from Charlotte's #1 roofing contractor. Roof repair, replacement, storm damage, inspections, gutters & siding. 5-star rated, 500+ roofs installed. Free estimates!","roofing services Charlotte NC, roofing contractor, roof repair, roof replacement, residential roofing, commercial roofing, storm damage repair",,,https://bestroofingnow.com/services,Static,BreadcrumbSchema
/services/residential-roofing,Residential Roofing Charlotte NC | Best Roofing Now,"Complete residential roofing services including installation, repair, and replacement for homes throughout Charlotte.","residential roofing Charlotte NC, home roofing, house roof replacement, residential roofer near me",Residential Roofing in Charlotte NC,Complete residential roofing services in Charlotte,https://bestroofingnow.com/services/residential-roofing,Dynamic,"ServiceSchema, FAQSchema, BreadcrumbSchema"
/services/commercial-roofing,Commercial Roofing Charlotte NC | Best Roofing Now,"Expert commercial roofing solutions for businesses, including flat roofs, TPO, PVC, and metal roofing systems.","commercial roofing Charlotte NC, flat roof contractors, business roofing, TPO roofing Charlotte",Commercial Roofing in Charlotte NC,Expert commercial roofing solutions,https://bestroofingnow.com/services/commercial-roofing,Dynamic,"ServiceSchema, FAQSchema, BreadcrumbSchema"
/services/roof-repair,Roof Repair Charlotte NC | Best Roofing Now,"Fast, reliable roof repair services for leaks, storm damage, and general wear. Same-day service available.","roof repair Charlotte NC, roof leak repair, fix my roof, roof repair near me",Roof Repair in Charlotte NC,Fast reliable roof repair services,https://bestroofingnow.com/services/roof-repair,Dynamic,"ServiceSchema, FAQSchema, BreadcrumbSchema"
/services/roof-replacement,Roof Replacement Charlotte NC | Best Roofing Now,"Full roof replacement with premium materials from CertainTeed, GAF, and Owens Corning. Financing available.","roof replacement Charlotte NC, new roof cost, replace my roof, roof replacement near me",Roof Replacement in Charlotte NC,Full roof replacement services,https://bestroofingnow.com/services/roof-replacement,Dynamic,"ServiceSchema, FAQSchema, BreadcrumbSchema"
/services/roof-inspection,Roof Inspection Charlotte NC | Best Roofing Now,"Free comprehensive roof inspections with detailed reports. We help identify issues before they become costly problems.","roof inspection Charlotte NC, free roof inspection, roof assessment, roof inspection near me",Roof Inspection in Charlotte NC,Free comprehensive roof inspections,https://bestroofingnow.com/services/roof-inspection,Dynamic,"ServiceSchema, FAQSchema, BreadcrumbSchema"
/services/emergency-roofing,Emergency Roofing Charlotte NC | Best Roofing Now,"24/7 emergency roof repair services. Immediate response for storm damage, leaks, and urgent repairs.","emergency roof repair Charlotte, 24 hour roofer, urgent roof repair, emergency roofer near me",Emergency Roofing in Charlotte NC,24/7 emergency roof repair services,https://bestroofingnow.com/services/emergency-roofing,Dynamic,"ServiceSchema, FAQSchema, BreadcrumbSchema"
/services/storm-damage,Storm Damage & Insurance Claims Charlotte NC | Best Roofing Now,"Expert storm damage assessment and insurance claim assistance. We work directly with your insurance company.","storm damage roof repair Charlotte NC, hail damage roof, insurance claim roofing, storm damage roofer",Storm Damage in Charlotte NC,Expert storm damage assessment,https://bestroofingnow.com/services/storm-damage,Dynamic,"ServiceSchema, FAQSchema, BreadcrumbSchema"
/services/gutters,Gutter Services Charlotte NC | Best Roofing Now,"Complete gutter installation, repair, cleaning, and gutter guard services for residential and commercial properties.","gutter installation Charlotte NC, gutter repair, seamless gutters, gutter guards Charlotte",Gutter Services in Charlotte NC,Complete gutter services,https://bestroofingnow.com/services/gutters,Dynamic,"ServiceSchema, FAQSchema, BreadcrumbSchema"
/services/siding,Siding Services Charlotte NC | Best Roofing Now,"Professional siding installation and repair. Vinyl, fiber cement, and wood siding options available.","siding Charlotte NC, siding replacement, vinyl siding, James Hardie siding Charlotte",Siding Services in Charlotte NC,Professional siding installation,https://bestroofingnow.com/services/siding,Dynamic,"ServiceSchema, FAQSchema, BreadcrumbSchema"
/services/roof-maintenance,Roof Maintenance Charlotte NC | Best Roofing Now,"Proactive roof maintenance programs to extend your roof's lifespan and prevent costly repairs.","roof maintenance Charlotte NC, roof tune-up, preventive roof care, roof maintenance program",Roof Maintenance in Charlotte NC,Proactive roof maintenance programs,https://bestroofingnow.com/services/roof-maintenance,Dynamic,"ServiceSchema, FAQSchema, BreadcrumbSchema"
/services/skylight-installation,Skylight Installation Charlotte NC | Best Roofing Now,"Professional skylight installation, repair, and replacement. Add natural light to any room.","skylight installation Charlotte NC, skylight repair, roof windows, VELUX skylight Charlotte",Skylight Installation in Charlotte NC,Professional skylight installation,https://bestroofingnow.com/services/skylight-installation,Dynamic,"ServiceSchema, FAQSchema, BreadcrumbSchema"
/services/roof-ventilation,Roof Ventilation Charlotte NC | Best Roofing Now,"Proper attic ventilation installation to improve energy efficiency and prevent moisture damage.","roof ventilation Charlotte NC, attic ventilation, ridge vents, soffit vents Charlotte",Roof Ventilation in Charlotte NC,Proper attic ventilation,https://bestroofingnow.com/services/roof-ventilation,Dynamic,"ServiceSchema, FAQSchema, BreadcrumbSchema"
/services/chimney-services,Chimney Services Charlotte NC | Best Roofing Now,"Chimney flashing repair, cap installation, and waterproofing to protect your home from leaks.","chimney repair Charlotte NC, chimney flashing, chimney cap, chimney leak repair",Chimney Services in Charlotte NC,Chimney flashing repair and services,https://bestroofingnow.com/services/chimney-services,Dynamic,"ServiceSchema, FAQSchema, BreadcrumbSchema"
/services/soffit-fascia,Soffit & Fascia Charlotte NC | Best Roofing Now,"Soffit and fascia repair, replacement, and installation. Protect your roof's edge and improve curb appeal.","soffit repair Charlotte NC, fascia replacement, soffit installation, soffit fascia Charlotte",Soffit & Fascia in Charlotte NC,Soffit and fascia services,https://bestroofingnow.com/services/soffit-fascia,Dynamic,"ServiceSchema, FAQSchema, BreadcrumbSchema"
/services/flat-roof-repair,Flat Roof Repair Charlotte NC | Best Roofing Now,"Specialized flat roof repair and coating services for commercial and residential properties.","flat roof repair Charlotte NC, flat roof coating, flat roof leak, commercial flat roof repair",Flat Roof Repair in Charlotte NC,Specialized flat roof repair,https://bestroofingnow.com/services/flat-roof-repair,Dynamic,"ServiceSchema, FAQSchema, BreadcrumbSchema"
/contact,Contact Us | Free Roof Inspection Charlotte NC,"Contact Best Roofing Now for a free roof inspection in Charlotte NC. Call (704) 605-6047 or request an estimate online. 24/7 emergency service available.","contact roofer Charlotte, free roof inspection Charlotte NC, roofing estimate Charlotte, roofing company phone number, Charlotte roofer contact, schedule roof inspection",Contact Best Roofing Now | Free Roof Inspection Charlotte NC,"Get a free roof inspection from Charlotte's top-rated roofing contractor. Call (704) 605-6047 or schedule online. 24/7 emergency service.",https://bestroofingnow.com/contact,Static,BreadcrumbSchema
/faq,"Roofing FAQs | 36 Common Roofing Questions Answered | Charlotte NC","Get answers to 36 common roofing questions about pricing, insurance claims, materials, weather damage, and more. Expert advice from Charlotte's trusted roofers at Best Roofing Now.","roofing questions Charlotte, roof repair questions, roof replacement questions, roofing FAQ, roofing insurance claims FAQ, storm damage roofing, roofing company Charlotte","Roofing FAQs | 36 Questions Answered | Best Roofing Now Charlotte","Comprehensive answers to roofing questions about costs, insurance, materials, weather damage, and more from Charlotte's trusted roofing experts.",https://bestroofingnow.com/faq,Static,"BreadcrumbSchema, FAQSchema"
/reviews,Reviews | Charlotte Roofing Company Reviews | 5-Star Rated,"Read reviews from real Charlotte homeowners about Best Roofing Now. 5-star rated roofing company with 100+ happy customers. See why we are Charlotte's most trusted roofers.","Best Roofing Now reviews, Charlotte roofer reviews, roofing company reviews Charlotte, 5 star roofer, trusted roofing contractor reviews",Customer Reviews | Best Roofing Now Charlotte,"5-star rated roofing company with 100+ happy Charlotte homeowners. Read real reviews about our honest, professional roofing services.",https://bestroofingnow.com/reviews,Static,BreadcrumbSchema
/blog,Roofing Blog | Tips & Guides from Charlotte Roofers,"Expert roofing tips, guides, and news from Best Roofing Now. Learn about roof maintenance, repair, replacement, and more from Charlotte's trusted roofing company.",,Roofing Blog | Expert Tips from Charlotte Roofers,"Expert roofing tips, guides, and news. Learn about roof maintenance, repair, replacement, and protecting your Charlotte home.",https://bestroofingnow.com/blog,Static,BlogPosting schema for all posts
/blog/[slug],{Post Title} | Roofing Blog,Dynamic - pulled from WordPress post excerpt (truncated to 160 chars),Dynamic - from post content,Dynamic - from post title,Dynamic - from post excerpt,https://bestroofingnow.com/blog/{slug},Dynamic,"BreadcrumbSchema, ArticleSchema"
/financing,Roof Financing Charlotte NC | Easy Payment Options | 0% APR,"Flexible roof financing options in Charlotte NC. Low monthly payments, quick approval, and 0% APR options available. Get the roof you need without breaking the bank.","roof financing Charlotte NC, roofing payment plans, 0 APR roof financing, affordable roof replacement, roof loan Charlotte",Roof Financing Options | Best Roofing Now Charlotte,"Affordable roof financing with 0% APR options. Quick approval, low monthly payments. Get your new roof today with flexible payment plans.",https://bestroofingnow.com/financing,Static,BreadcrumbSchema
/emergency,24/7 Emergency Roof Repair Charlotte NC | Best Roofing Now,"Emergency roof repair available 24/7 in Charlotte NC. Storm damage, active leaks, fallen trees - we respond fast to protect your home. Call now!","emergency roof repair Charlotte, 24/7 roofing, storm damage repair, emergency roofer near me, urgent roof leak repair",24/7 Emergency Roof Repair | Best Roofing Now Charlotte,Fast response emergency roofing services in Charlotte NC.,https://bestroofingnow.com/emergency,Static,
/locations,Service Areas | Roofing Company Charlotte & Surrounding Areas,"Best Roofing Now serves Charlotte NC and all surrounding areas including Concord, Huntersville, Matthews, Cornelius, Davidson, Lake Norman, and more. Free estimates.",,,,https://bestroofingnow.com/locations,Static,BreadcrumbSchema
/locations/charlotte-nc,#1 Roofing Contractor Charlotte NC | Roofing Company Near Me | BBB A+,"Charlotte's top-rated roofing contractor. 5-star Google rating, 500+ roofs installed, veteran-owned. Free inspections, storm damage experts, insurance claim assistance.","roofing contractor Charlotte NC, roofing company Charlotte NC, Charlotte roofers, roof repair Charlotte NC, roof replacement Charlotte NC",#1 Roofing Contractor Charlotte NC | Best Roofing Now,"Charlotte's top-rated roofing contractor. 5-star rating, veteran-owned, BBB A+ accredited. Free roof inspections.",https://bestroofingnow.com/locations/charlotte-nc,Dynamic,"LocationSchema, BreadcrumbSchema, FAQSchema"
/locations/[city],Roofing Contractor {City} {State} | Best Roofing Now,Dynamic content for each location,"roofing contractor {city}, {city} roofer, roof repair {city}",Roofing Services in {City} {State},Professional roofing services. Free estimates.,https://bestroofingnow.com/locations/{slug},Dynamic,"LocationSchema, BreadcrumbSchema, FAQSchema"
/guides,Roofing Guides & Resources | Best Roofing Now Charlotte NC,"Expert roofing guides for Charlotte homeowners. Learn about roof costs, maintenance tips, insurance claims, and how to choose the right roofing contractor.","roofing guide Charlotte, roof replacement guide, roofing tips, roof cost guide, roofing resources",Roofing Guides & Resources | Best Roofing Now,Expert roofing guides and resources for Charlotte homeowners.,https://bestroofingnow.com/guides,Static,
/guides/[slug],{Guide Title} | Best Roofing Now Charlotte NC,Dynamic guide description,Dynamic guide keywords,{Guide Title} | Best Roofing Now,Dynamic guide description,https://bestroofingnow.com/guides/{slug},Dynamic,
/materials,Roofing Materials Guide | Best Roofing Now Charlotte NC,"Compare roofing materials: asphalt shingles, metal roofing, tile, slate, and more. Learn about costs, lifespans, and which material is best for your Charlotte home.","roofing materials Charlotte NC, types of roofing, best roofing material, roofing options, shingles vs metal",Roofing Materials Guide | Best Roofing Now,Compare roofing materials to find the best option for your Charlotte home.,https://bestroofingnow.com/materials,Static,
/materials/[slug],{Material Name} Charlotte NC | Cost Pros & Cons | Best Roofing Now,{Material} in Charlotte NC: {cost} installed. {lifespan} lifespan.,Dynamic material keywords,{Material Name} | Best Roofing Now Charlotte,Material description,https://bestroofingnow.com/materials/{slug},Dynamic,
/roof-types,Roof Types & Styles | Best Roofing Now Charlotte NC,"Learn about different roof types including gable, hip, flat, mansard, and more. Expert guidance on choosing the right roof style for your Charlotte home.","roof types, roof styles, gable roof, hip roof, flat roof, Charlotte roofing",Roof Types & Styles | Best Roofing Now,Complete guide to residential roof types and styles.,https://bestroofingnow.com/roof-types,Static,
/roof-types/[slug],{Roof Type} | Roof Styles Charlotte NC | Best Roofing Now,Dynamic roof type description,Dynamic roof type keywords,{Roof Type} | Best Roofing Now Charlotte,Roof type description,https://bestroofingnow.com/roof-types/{slug},Dynamic,
/warranty,Roofing Warranty Information | Best Roofing Now Charlotte NC,"Understand roofing warranties including manufacturer warranties, workmanship guarantees, and extended coverage options.","roofing warranty, roof warranty Charlotte, GAF warranty, CertainTeed warranty, roofing guarantee, workmanship warranty",Roofing Warranty Information | Best Roofing Now,Complete guide to understanding roofing warranties.,https://bestroofingnow.com/warranty,Static,"BreadcrumbSchema, AllWarrantiesSchema"
/ventilation,Attic Ventilation & Roof Energy Efficiency | Charlotte NC,"Improve your home's energy efficiency with proper attic ventilation. Ridge vents, soffit vents, and ventilation solutions for Charlotte homes.","attic ventilation Charlotte, roof ventilation, ridge vent installation, soffit vents, energy efficient roofing",Attic Ventilation & Energy Efficiency | Best Roofing Now,Proper ventilation solutions for Charlotte homes.,https://bestroofingnow.com/ventilation,Static,
/process,Our Roofing Process | What to Expect | Best Roofing Now Charlotte NC,"Learn what to expect during your roof replacement or repair. Our step-by-step process ensures quality results and a stress-free experience.","roofing process, roof replacement steps, what to expect roof installation, roofing timeline",Our Roofing Process | Best Roofing Now,Step-by-step guide to our professional roofing process.,https://bestroofingnow.com/process,Static,
/stories,Roofing Stories | Real Projects from Charlotte Neighborhoods,"Explore real roofing projects from Charlotte neighborhoods. See before & after photos, learn about materials used, and read stories from homeowners we've helped.","Charlotte roofing projects, roof replacement Charlotte NC, roofing before and after, Charlotte neighborhood roofing",Real Roofing Stories from Charlotte Neighborhoods | Best Roofing Now,"See our completed roofing projects across Charlotte. Real homes, real results.",https://bestroofingnow.com/stories,Static,"BreadcrumbSchema, FAQSchema"
/compare,Roofing Material Comparisons | Best Roofing Now Charlotte NC,"Compare roofing materials side-by-side. Metal vs shingles, tile vs asphalt, GAF vs CertainTeed. Make an informed decision for your Charlotte home.","roofing material comparison, metal vs shingles, best roof type, roof material guide",Roofing Material Comparisons | Best Roofing Now,Compare roofing materials side-by-side.,https://bestroofingnow.com/compare,Static,
/compare/[slug],{Comparison Title} | Roofing Comparison Charlotte NC,Dynamic comparison description,Dynamic comparison keywords,{Comparison Title} | Best Roofing Now Charlotte,Comparison description,https://bestroofingnow.com/compare/{slug},Dynamic,
/brands,Roofing Brands | Best Roofing Now Charlotte NC,"Information about roofing brands we carry - GAF, CertainTeed, Owens Corning, IKO, TAMKO","roofing brands Charlotte, GAF shingles, CertainTeed shingles, Owens Corning",,,https://bestroofingnow.com/brands,Static,
/brands/[slug],{Brand Name} | Certified Installer Charlotte NC | Best Roofing Now,{Brand description}. As a certified installer we offer enhanced warranty options.,Dynamic brand keywords,{Brand Name} | Best Roofing Now Charlotte,Brand description,https://bestroofingnow.com/brands/{slug},Dynamic,
/commercial-systems,Commercial Roofing Systems | Best Roofing Now Charlotte NC,"Commercial roofing systems overview - TPO, EPDM, PVC, BUR, Metal","commercial roofing Charlotte, TPO roofing, EPDM roofing, commercial roof systems",,,https://bestroofingnow.com/commercial-systems,Static,
/commercial-systems/[slug],{System Name} | Commercial Roofing Charlotte NC | Best Roofing Now,{System description}. Professional installation and repair in Charlotte NC.,Dynamic system keywords,{System Name} | Best Roofing Now Charlotte,System description,https://bestroofingnow.com/commercial-systems/{slug},Dynamic,
/problems,Roofing Problems | Best Roofing Now Charlotte NC,Guide to common roofing problems and solutions,"roofing problems, roof issues, roof damage, roofing solutions",,,https://bestroofingnow.com/problems,Static,
/problems/[slug],{Problem Title} | Best Roofing Now,Problem description,Dynamic problem keywords,{Problem Title},Problem description,https://bestroofingnow.com/problems/{slug},Dynamic,
/seasonal,Seasonal Roofing | Best Roofing Now Charlotte NC,Seasonal roofing tips and services for Charlotte homeowners,"seasonal roofing, roofing by season, Charlotte roofing tips",,,https://bestroofingnow.com/seasonal,Static,
/seasonal/[slug],{Season Title} | Best Roofing Now,Season description,Dynamic seasonal keywords,{Season Title},Season description,https://bestroofingnow.com/seasonal/{slug},Dynamic,
/products/[slug],{Product Name} | {Brand} Shingles Charlotte NC,{Product description}. Installed by certified contractors. {Warranty} warranty.,Dynamic product keywords,{Product Name} | Best Roofing Now Charlotte,Product description,https://bestroofingnow.com/products/{slug},Dynamic,"BreadcrumbSchema, ProductSchema"
