Page URL,Page Type,Video Type,YouTube Title,YouTube Description,Video Script,Tags,Category,Hashtags,Target Keywords
/,Homepage,Long-form,"Best Roofing Now: Charlotte's #1 Veteran-Owned Roofing Company | 500+ Roofs Installed","Welcome to Best Roofing Now, Charlotte's premier veteran-owned roofing contractor. With over 500 roofs installed since 2019, we're the trusted choice for residential and commercial roofing in the Charlotte metro area.

In this video, you'll learn:
‚úÖ Why we're Charlotte's top-rated roofer (5.0 stars)
‚úÖ Our comprehensive roofing services
‚úÖ What makes us different (veteran values)
‚úÖ Our service areas across NC & SC

üè† FREE Roof Inspection: (704) 555-0123
üåê Website: https://bestroofingnow.com
üìç Serving Charlotte, Huntersville, Concord, Rock Hill & 50+ cities

#CharlotteRoofing #VeteranOwned #RoofingContractor","Hey there, I'm here with Best Roofing Now, Charlotte's trusted veteran-owned roofing company. Since 2019, we've installed over 500 roofs across the Charlotte metro area, and today I want to tell you exactly why homeowners and businesses choose us for their roofing needs.

First, let me introduce who we are. Best Roofing Now was founded by veterans who believe in doing things the right way - with integrity, precision, and a commitment to excellence. We bring military discipline to every roofing project, which means attention to detail, showing up on time, and getting the job done right the first time.

We offer a complete range of roofing services. Whether you need a full roof replacement, emergency repairs after a storm, or just a free inspection to see where your roof stands, we've got you covered. We specialize in residential roofing for homeowners, commercial roofing for businesses, storm damage repairs, gutter services, siding, and so much more.

What sets us apart? Three things. First, quality materials - we're certified installers for GAF, CertainTeed, and Owens Corning, the best brands in the industry. Second, our warranty coverage - we offer comprehensive warranties that protect your investment for years to come. Third, our people - every member of our team is trained, background-checked, and committed to treating your home like their own.

We serve over 50 cities across North Carolina and South Carolina, including Charlotte, Huntersville, Cornelius, Davidson, Matthews, Concord, Rock Hill, Fort Mill, and everywhere in between.

If you're watching this and wondering about the condition of your roof, here's what I want you to do. Give us a call or visit our website to schedule your free roof inspection. We'll come out, take a thorough look, and give you an honest assessment - no pressure, no gimmicks, just straight talk from people who care.

Thanks for watching, and remember - when it comes to your roof, choose the best. Choose Best Roofing Now.","charlotte roofing, roofer charlotte nc, veteran owned roofing, roofing contractor charlotte, roof replacement charlotte, roof repair charlotte, best roofer near me, roofing company charlotte nc, charlotte roof installation, NC roofing contractor",People & Blogs,#CharlotteRoofing #VeteranOwned #RoofingContractor #NCRoofing #RoofReplacement,"charlotte roofing, roofer charlotte nc, roofing contractor near me, veteran owned roofer"
/about,About,Long-form,"Meet the Team Behind Charlotte's Best Roofing Company | Our Story","Get to know the team at Best Roofing Now! Learn about our founders James and Fred, our company values, and why we've become Charlotte's most trusted roofing contractor.

In this video:
üéñÔ∏è Our veteran-owned story
üë• Meet our leadership team
üèÜ Our certifications & achievements
üí™ Company values that drive us

üè† FREE Inspection: (704) 555-0123
üåê https://bestroofingnow.com/about

#VeteranOwned #CharlotteRoofing #MeetTheTeam","Let me tell you the story behind Best Roofing Now and introduce you to the team that makes it all happen.

It all started in 2019 when James and Fred, both military veterans, saw a problem in the roofing industry. Too many contractors cutting corners, too many homeowners getting taken advantage of, and not enough companies doing things the right way. They decided to build something different.

James brings over 15 years of construction experience to the table. He's a certified roofing specialist who has personally overseen hundreds of installations. His attention to detail comes from his military background - nothing gets past him.

Fred handles our operations and customer relations. His philosophy is simple: treat every customer like family. That means honest communication, fair pricing, and standing behind our work no matter what.

Our company values aren't just words on a wall. Integrity means we tell you the truth, even if it's not what you want to hear. Excellence means we use the best materials and techniques available. Reliability means we show up when we say we will. Community means we give back to the Charlotte area that supports us.

Since 2019, we've hit some amazing milestones. We've completed over 500 roof installations. We've achieved certifications from GAF, CertainTeed, and Owens Corning. We've earned a 5.0 star rating from our customers. And we've built a team of skilled professionals who share our values.

When you work with Best Roofing Now, you're not just hiring a contractor. You're partnering with a team that cares about your home as much as you do. That's our promise, and that's who we are.","veteran owned roofing company, charlotte roofing team, about us roofing, roofing company story, meet the roofers, charlotte contractor, trusted roofer charlotte, family owned roofing",People & Blogs,#VeteranOwned #CharlotteRoofing #MeetTheTeam #FamilyBusiness,"veteran owned roofing, charlotte roofing company, trusted roofer near me"
/services,Services Overview,Long-form,"All Roofing Services We Offer in Charlotte NC | Complete Guide","Discover all 15+ roofing services offered by Best Roofing Now in Charlotte, NC. From residential roofing to emergency repairs, we cover everything your home or business needs.

Services covered:
üè† Residential & Commercial Roofing
üîß Roof Repair & Replacement
üåßÔ∏è Storm Damage & Insurance Claims
üö® 24/7 Emergency Services
üíß Gutters, Siding & More

üìû (704) 555-0123
üåê https://bestroofingnow.com/services

#RoofingServices #CharlotteNC #HomeImprovement","Today I'm going to walk you through every roofing service we offer at Best Roofing Now. Whether you're dealing with a small leak or need a complete roof replacement, we've got a solution for you.

Let's start with our core services. Residential roofing is our bread and butter - we install, repair, and replace roofs on homes of all sizes using premium materials like architectural shingles, metal roofing, and more. For businesses, our commercial roofing division handles everything from flat roof systems to TPO and PVC installations.

Roof repair is one of our most requested services. Maybe you've got a leak, some missing shingles, or damage from that last storm. Our repair team can handle jobs big and small, and we always try to repair before recommending replacement - that's just honest business.

When repair isn't enough, roof replacement is the answer. We'll remove your old roof down to the decking, inspect for any damage, and install a brand new roof that'll protect your home for decades. We handle everything from permits to cleanup.

Our roof inspection service is completely free. We'll climb up there, check every inch of your roof, and give you a detailed report of what we find. No obligation, no pressure.

For emergencies, we offer 24/7 response. Storm come through and rip off shingles? Tree fall on your roof? We'll be there within hours to secure your property and prevent further damage.

Speaking of storms, our storm damage and insurance claims service helps you navigate the entire insurance process. We'll document the damage, work with your adjuster, and make sure you get what you're entitled to.

Beyond roofing, we also offer gutter services including installation, repair, and guards. We do siding installation and repair. We handle skylights, ventilation, chimney services, and soffit and fascia work.

Whatever your home's exterior needs, we can help. Give us a call to discuss your project.","roofing services charlotte, roof repair services, roof replacement services, commercial roofing charlotte, residential roofing services, gutter services charlotte, emergency roofing, storm damage repair, roofing contractor services",Howto & Style,#RoofingServices #CharlotteRoofing #HomeServices #RoofRepair,"roofing services near me, charlotte roofing services, roof repair charlotte"
/services/residential-roofing,Service Page,Long-form,"Residential Roofing in Charlotte NC | Everything You Need to Know","Complete guide to residential roofing services in Charlotte, NC. Learn about installation, repair, replacement options, and what to expect when working with Best Roofing Now.

What you'll learn:
üè† Types of residential roofing materials
‚è±Ô∏è Timeline for roof installation
üí∞ Financing options available
‚úÖ Our 5-step installation process

FREE Quote: (704) 555-0123
üåê https://bestroofingnow.com/services/residential-roofing

#ResidentialRoofing #CharlotteHomes #NewRoof","If you're a homeowner in Charlotte thinking about your roof, this video is for you. I'm going to cover everything you need to know about residential roofing services.

Your roof is probably the most important part of your home's exterior. It protects everything underneath - your family, your belongings, your investment. That's why choosing the right roofing contractor and materials matters so much.

Let's talk about what residential roofing includes. It covers new construction installation, complete roof replacements, repairs of all sizes, and ongoing maintenance. Whether you've got an older home that needs updating or a newer home that took storm damage, we handle it all.

The materials you choose make a huge difference. Asphalt shingles are the most popular choice - they're affordable, durable, and come in tons of colors and styles. Metal roofing is gaining popularity for its longevity and energy efficiency. We also install tile, slate, and composite materials depending on your home's style and your budget.

Our process is straightforward. Step one, we do a free inspection and consultation. Step two, we provide a detailed proposal with material options and pricing. Step three, we schedule the work at your convenience. Step four, our crew completes the installation professionally and efficiently. Step five, we do a final walkthrough with you and handle all warranty registration.

What should you expect during installation? For a typical roof replacement, we're looking at one to three days depending on size and complexity. We protect your landscaping, contain all debris, and leave your property clean when we're done.

One thing that sets us apart - we're certified by the top manufacturers. That means you get access to the best warranty coverage available, and you know the installation is done to the highest standards.

Ready to get started? Schedule your free inspection today.","residential roofing charlotte, home roofing services, roof installation charlotte, shingle roof installation, residential roof replacement, home roof repair, charlotte homeowner roofing, house roof charlotte nc",Howto & Style,#ResidentialRoofing #CharlotteNC #HomeRoof #RoofInstallation,"residential roofing near me, home roof replacement, charlotte residential roofer"
/services/commercial-roofing,Service Page,Long-form,"Commercial Roofing Charlotte NC | TPO, Flat Roof & Business Solutions","Expert commercial roofing services in Charlotte, NC. We specialize in TPO, PVC, flat roof systems, and solutions for businesses of all sizes.

What's covered:
üè¢ Commercial roofing systems explained
üìã TPO vs PVC vs EPDM
üîß Maintenance programs for businesses
üìû 24/7 emergency commercial service

Contact: (704) 555-0123
üåê https://bestroofingnow.com/services/commercial-roofing

#CommercialRoofing #BusinessRoofing #CharlotteNC","Business owners, this one's for you. Commercial roofing is a different animal than residential, and today I'm going to explain exactly what you need to know.

Commercial buildings have unique roofing requirements. You're typically dealing with flat or low-slope roofs, larger square footage, and different material needs than a residential home. Plus, you've got business operations to consider - you can't just shut down for a week while work gets done.

Let's talk about the main commercial roofing systems. TPO, or thermoplastic polyolefin, is one of the most popular choices. It's highly reflective, which helps with energy costs, it's durable, and it's cost-effective. PVC roofing is similar but offers even better chemical resistance - great for restaurants or facilities with rooftop equipment. EPDM, sometimes called rubber roofing, is another excellent option that's been around for decades.

For flat roofs, we also offer built-up roofing systems and modified bitumen, which provide excellent waterproofing and durability for high-traffic roofs.

What makes commercial roofing projects different? Scale is the obvious one - we're talking thousands or tens of thousands of square feet. But there's also complexity with HVAC equipment, drainage systems, and coordinating work around your business hours. We do a lot of work on evenings and weekends to minimize disruption.

Our commercial maintenance programs are something every business owner should consider. Regular inspections and preventive maintenance can extend your roof's life by years and catch small problems before they become expensive emergencies.

We've worked with retail centers, office buildings, warehouses, restaurants, churches, and industrial facilities throughout Charlotte. Whatever your commercial roofing needs, we have the experience and equipment to handle it.","commercial roofing charlotte, flat roof charlotte, tpo roofing, business roofing services, commercial roof repair, industrial roofing charlotte, flat roof installation, commercial roof replacement",Howto & Style,#CommercialRoofing #FlatRoof #BusinessRoofing #CharlotteNC,"commercial roofing near me, flat roof contractor, charlotte commercial roofer"
/services/roof-repair,Service Page,Long-form,"Roof Repair in Charlotte NC | Fix Leaks, Damage & More","Need roof repair in Charlotte? Learn about common roof problems, repair costs, and when to repair vs replace. Best Roofing Now offers fast, affordable repairs.

Topics covered:
üîß Common roof repair issues
üíß How to identify roof leaks
üí∞ Repair vs replacement decision
‚ö° Same-day repair availability

Schedule Repair: (704) 555-0123
üåê https://bestroofingnow.com/services/roof-repair

#RoofRepair #CharlotteRoofing #FixMyRoof","Got a roof problem? Let's talk about roof repair and how to know what you're dealing with.

Roof repairs are one of the most common calls we get, and they range from simple fixes to more complex projects. The key is catching problems early before they turn into bigger, more expensive issues.

What are the most common repairs we see? Leaks are number one. Water stains on your ceiling, dripping during rain, or moisture in your attic all point to a leak somewhere. Missing or damaged shingles are another big one, especially after storms. Flashing problems around chimneys, vents, and skylights cause a lot of issues. And general wear and tear catches up with every roof eventually.

How do you know if you need repair versus replacement? Here's my rule of thumb. If the damage is localized to one area and your roof is less than 15 years old, repair is probably the right call. If you're seeing problems in multiple areas, if the roof is approaching the end of its lifespan, or if you're calling us every year for repairs, it might be time to have the replacement conversation.

Our repair process is quick and efficient. We'll inspect the problem area, identify the root cause, not just the symptom, and fix it right the first time. Most repairs can be completed in a single day, sometimes even a few hours.

One thing I always tell homeowners - don't ignore small problems. A hundred dollar repair today can save you thousands down the road. That tiny leak might not seem like a big deal, but water damage adds up fast.

If you've noticed anything concerning with your roof - missing shingles, dark spots, granules in your gutters - give us a call. We'll come take a look and give you honest advice on what needs to be done.","roof repair charlotte, fix roof leak, roof damage repair, shingle repair charlotte, roof leak repair, emergency roof repair, charlotte roof fix, repair or replace roof",Howto & Style,#RoofRepair #LeakRepair #CharlotteRoofing #QuickFix,"roof repair near me, fix leaking roof, charlotte roof repair cost"
/services/roof-replacement,Service Page,Long-form,"Complete Roof Replacement Guide | Charlotte NC Homeowners","Everything you need to know about roof replacement in Charlotte, NC. Learn about costs, timeline, materials, and what to expect during the replacement process.

In this video:
üìã Signs you need a new roof
‚è±Ô∏è Replacement timeline explained
üí∞ Cost factors and financing
üèÜ Material options compared

FREE Quote: (704) 555-0123
üåê https://bestroofingnow.com/services/roof-replacement

#RoofReplacement #NewRoof #CharlotteNC","Getting a new roof is a big decision, and today I'm going to walk you through everything you need to know about roof replacement.

First, how do you know it's time for a new roof? There are some clear signs. Your roof is over 20-25 years old. You're seeing shingles curling, cracking, or missing throughout the roof, not just in one spot. Your neighbors are all getting new roofs, since homes in the same area often age similarly. You've had multiple repairs in recent years. Or you're seeing daylight through your roof boards when you're in the attic.

What does the replacement process look like? It starts with a thorough inspection where we assess your current roof and underlying structure. Then we provide a detailed proposal with material options and pricing. Once you're ready to move forward, we schedule the work, usually completing it in one to three days. On installation day, we remove the old roof down to the decking, inspect and repair any damaged wood, install new underlayment and flashing, and then install your new shingles or roofing material. After everything's done, we do a complete cleanup and final inspection with you.

Let's talk materials. Architectural shingles are the most popular choice - they offer great looks, durability, and value. Metal roofing costs more upfront but can last 50 years or more. Premium options like slate and tile offer unmatched beauty and longevity for the right home.

Cost depends on several factors - roof size, pitch, material choice, and any necessary structural repairs. We offer financing options to make a new roof affordable, including zero percent interest plans.

The investment is worth it. A new roof protects your home, improves energy efficiency, boosts curb appeal, and increases property value. If you're thinking it might be time, let's schedule that free inspection and find out.","roof replacement charlotte, new roof cost, replace roof charlotte nc, roof replacement process, how long does roof replacement take, best roofing materials, residential roof replacement, charlotte roof installation",Howto & Style,#RoofReplacement #NewRoof #CharlotteNC #HomeImprovement,"roof replacement near me, new roof cost charlotte, how much is a new roof"
/services/roof-inspection,Service Page,Long-form,"FREE Roof Inspection Charlotte NC | What We Check & Why It Matters","Schedule a FREE comprehensive roof inspection in Charlotte. Learn what our inspectors look for and why regular inspections save you money.

What we inspect:
‚úÖ Shingles and materials condition
‚úÖ Flashing and penetrations
‚úÖ Gutters and drainage
‚úÖ Ventilation and attic
‚úÖ Structural integrity

Book FREE Inspection: (704) 555-0123
üåê https://bestroofingnow.com/services/roof-inspection

#RoofInspection #FreeInspection #CharlotteNC","Let me tell you why a roof inspection is one of the smartest things you can do as a homeowner, and exactly what we look for when we're up there.

A roof inspection is like a checkup for your home's most important protective system. We climb up there, examine every component, and give you a clear picture of your roof's condition. And here's the best part - we do it absolutely free, with no obligation.

So what do we actually inspect? We start with the shingles or roofing material. We're looking for cracks, curling, missing pieces, granule loss, and signs of aging. Next, we check all the flashing, that's the metal pieces around chimneys, vents, skylights, and where the roof meets walls. Flashing failures are one of the leading causes of leaks.

We examine the gutters and drainage system. Proper water flow is critical to protecting your roof and foundation. We look at the ventilation, including ridge vents, soffit vents, and attic ventilation. Poor ventilation can shorten your roof's life significantly. And we check the structural elements for any signs of sagging, rot, or damage.

When should you get an inspection? After any major storm. When buying or selling a home. If your roof is over 10 years old. If you notice any warning signs like leaks, damaged shingles, or granules in your gutters. Or just annually as part of good home maintenance.

After the inspection, we provide a detailed report with photos documenting what we found. If there are issues, we'll explain your options, whether that's simple repairs, maintenance, or eventually replacement. If your roof is in great shape, we'll tell you that too. No pressure, no sales tactics, just honest information.

Schedule your free inspection today. Knowing the condition of your roof gives you peace of mind and helps you plan ahead.","free roof inspection charlotte, roof inspection near me, roof checkup, roof condition assessment, professional roof inspection, annual roof inspection, roof inspection cost, what does roof inspection include",Howto & Style,#RoofInspection #FreeInspection #CharlotteRoofing #HomeOwnerTips,"free roof inspection near me, roof inspection charlotte nc, roof inspector"
/services/emergency-roofing,Service Page,Long-form,"24/7 Emergency Roofing Charlotte NC | Fast Response When You Need It","Roof emergency? We're available 24/7 with rapid response times. Learn what qualifies as a roofing emergency and what to do when disaster strikes.

Emergency services:
üö® Storm damage response
üå≥ Fallen tree on roof
üíß Major leaks & water intrusion
üî• Fire damage
‚è∞ 1-2 hour response time

EMERGENCY LINE: (704) 555-0123
üåê https://bestroofingnow.com/services/emergency-roofing

#EmergencyRoofing #24HourRoofer #StormDamage","When a roofing emergency hits, you need help fast. That's why we offer 24/7 emergency roofing services with response times of one to two hours.

What qualifies as a roofing emergency? Storm damage that leaves your home exposed to the elements. A tree or large branch that's fallen on your roof. Major leaks that are causing active water damage inside your home. Fire damage to your roof. Structural damage or roof collapse. Basically, anything that threatens the immediate safety of your home or family.

Here's what you should do if you experience a roof emergency. First, ensure everyone in your home is safe. If there's structural damage, evacuate until it can be assessed. Second, if it's safe to do so, try to contain any water damage inside with buckets and tarps on your furniture. Third, call us immediately, we're available 24/7, 365 days a year. Fourth, document the damage with photos for insurance purposes.

When we arrive, our first priority is securing your property. This usually means emergency tarping to prevent further water intrusion. We'll do a rapid assessment of the damage and help you understand your options. If immediate repairs are possible, we'll get to work. If more extensive work is needed, we'll make sure your home is protected until we can complete permanent repairs.

We also help with the insurance process. Emergency damage is typically covered by homeowner's insurance, and we know how to document everything properly and work with adjusters to ensure you get fair treatment.

Storm season in Charlotte can be unpredictable. Save our number in your phone so you're prepared. When disaster strikes, you want a team that responds fast and knows exactly what to do.","emergency roofing charlotte, 24 hour roofer, storm damage repair, roof emergency service, fallen tree roof, emergency roof tarp, emergency leak repair, after hours roofing",Howto & Style,#EmergencyRoofing #24HourService #StormDamage #CharlotteNC,"emergency roofer near me, 24/7 roofing service, roof emergency charlotte"
/services/storm-damage,Service Page,Long-form,"Storm Damage Roof Repair & Insurance Claims | Charlotte NC Guide","Storm damage your roof? We handle repairs AND help with insurance claims. Complete guide to storm damage assessment, repairs, and maximizing your claim.

What you'll learn:
‚õàÔ∏è Types of storm damage
üìã Insurance claim process
üí∞ How to maximize your claim
‚úÖ Why documentation matters

Storm Damage Help: (704) 555-0123
üåê https://bestroofingnow.com/services/storm-damage

#StormDamage #InsuranceClaims #HailDamage","After a big storm, your roof might have damage you can't even see from the ground. Today I'm going to explain storm damage, insurance claims, and how to make sure you're protected.

Charlotte and the surrounding areas see our fair share of severe weather. Hail storms, high winds, heavy rain, and the occasional tornado warning. All of these can damage your roof in ways that aren't always obvious.

What does storm damage look like? Hail damage often shows up as dents or bruises in shingles, with granule loss that exposes the underlying material. Wind damage can lift, loosen, or completely remove shingles. Heavy rain exploits any weakness, causing leaks in places that were fine before the storm. Flying debris can cause impact damage anywhere on your roof.

Here's the thing, you might not notice storm damage right away. But that damage gets worse over time. A small crack becomes a leak. A loose shingle becomes a missing shingle. That's why we recommend an inspection after any significant storm.

If we find damage, here's how the insurance process works. We document everything thoroughly with photos and detailed notes. We provide you with a comprehensive damage report. You file a claim with your insurance company. An adjuster comes out to assess, and we're happy to meet with them to walk through our findings. Once approved, we complete the repairs and help ensure you receive fair compensation.

Important tip - never accept the first offer if it seems low. Insurance companies often start with lower estimates. We know how to work with adjusters and can help you get what you're actually entitled to.

If you've had recent storms in your area, don't wait. Get an inspection now before small damage becomes big problems.","storm damage roof repair, hail damage roof, insurance claim roofing, wind damage repair, charlotte storm damage, roof insurance claim help, hail damage inspection, weather damage roof",Howto & Style,#StormDamage #InsuranceClaims #HailDamage #CharlotteNC,"storm damage roof repair near me, hail damage insurance claim, roof damage after storm"
/services/gutters,Service Page,Long-form,"Gutter Services Charlotte NC | Installation, Repair & Gutter Guards","Complete gutter services in Charlotte - installation, repair, cleaning, and gutter guard systems. Protect your home's foundation with proper drainage.

Services include:
üè† Seamless gutter installation
üîß Gutter repair and maintenance
üçÇ Gutter guard installation
üíß Downspout solutions

Contact: (704) 555-0123
üåê https://bestroofingnow.com/services/gutters

#GutterServices #GutterInstallation #HomeProtection","Let's talk about something that doesn't get enough attention but is absolutely critical for your home - your gutters.

Gutters do one simple but incredibly important job. They direct water away from your home. Without properly functioning gutters, rainwater runs down your walls, pools around your foundation, floods your basement, erodes your landscaping, and causes all kinds of expensive problems.

Our gutter services cover everything you need. Gutter installation - we install seamless aluminum gutters custom-fit to your home. Seamless means no joints or seams except at corners, which means fewer places for leaks to develop. We offer multiple colors to match your home's exterior.

Gutter repair - sagging gutters, leaky joints, damaged sections, we fix it all. Sometimes gutters just need some attention to work like new again.

Gutter guards are something every homeowner should consider, especially in Charlotte with all our trees. Gutter guards keep leaves, pine needles, and debris out while letting water flow through. This means less maintenance for you and fewer clogs causing water to overflow.

We also handle downspout installation and repair, ensuring water is directed well away from your foundation.

How do you know your gutters need attention? Look for water overflowing during rain, sagging or pulling away from the house, visible rust or holes, water stains on your siding, or pooling water near your foundation.

Your gutters work together with your roof as a complete system. When we do roof work, we always inspect your gutters and can address any issues at the same time. Don't overlook this critical component of your home's protection.","gutter installation charlotte, gutter repair near me, seamless gutters charlotte, gutter guards charlotte nc, gutter cleaning service, downspout installation, clogged gutters, gutter replacement",Howto & Style,#GutterServices #SeamlessGutters #GutterGuards #CharlotteNC,"gutter installation near me, gutter repair charlotte, gutter guards cost"
/services/siding,Service Page,Long-form,"Siding Installation & Repair Charlotte NC | Vinyl, Fiber Cement & More","Transform your home's exterior with new siding. We install vinyl, fiber cement, wood, and more. Expert siding services in Charlotte, NC.

What's covered:
üè† Siding material options
üé® Color and style choices
üí∞ Cost considerations
‚úÖ Our installation process

Get a Quote: (704) 555-0123
üåê https://bestroofingnow.com/services/siding

#SidingInstallation #NewSiding #CurbAppeal","Your home's siding does more than just look good. It protects your walls, insulates your home, and defines your curb appeal. Today I'm covering everything you need to know about siding.

Let's start with the main siding materials. Vinyl siding is the most popular choice for good reason. It's affordable, low maintenance, comes in tons of colors, and lasts for decades. It doesn't rot, won't be eaten by insects, and never needs painting.

Fiber cement siding, like James Hardie, is the premium option. It looks like real wood but doesn't have wood's maintenance headaches. It's incredibly durable, fire-resistant, and handles Charlotte's humidity without warping or rotting.

Wood siding offers timeless beauty and can last a very long time with proper maintenance. Cedar is the most common choice. It does require more upkeep - staining or painting every few years - but many homeowners love the natural look.

We also work with engineered wood, aluminum, and composite siding materials depending on your needs and preferences.

Why consider new siding? Your current siding is damaged, fading, or worn out. You want to boost your home's curb appeal. Energy bills are high due to poor insulation. You're seeing moisture problems in your walls. Or you simply want a fresh look for your home.

Our siding process starts with a thorough inspection of your current exterior. We'll discuss options, colors, and styles that suit your home. We properly prepare and protect the underlying structure. We install with precision, paying attention to every detail around windows, doors, and trim. And we clean up completely when the job is done.

New siding is one of the best investments you can make in your home, with excellent return on investment if you decide to sell. Let's discuss what's right for your home.","siding installation charlotte, vinyl siding charlotte nc, fiber cement siding, james hardie siding, siding repair near me, new siding cost, siding replacement charlotte, home exterior siding",Howto & Style,#SidingInstallation #VinylSiding #FiberCement #CharlotteNC,"siding installation near me, siding contractor charlotte, new siding cost"
/services/residential-roof-maintenance,Service Page,Long-form,"Residential Roof Maintenance | Homeowner's Guide to Extending Roof Life","Annual roof maintenance programs designed specifically for Charlotte homeowners. Learn how to protect your home, extend your roof's lifespan, and keep your warranty valid.

What's included:
üè† Comprehensive shingle inspection
üîß Flashing and vent boot checks
üçÇ Gutter cleaning included
üìã Detailed photo report
‚úÖ Minor repairs on the spot

Schedule Maintenance: (704) 555-0123
üåê https://bestroofingnow.com/services/residential-roof-maintenance

#ResidentialRoofMaintenance #HomeOwnerTips #RoofCare","Charlotte homeowners, let me tell you why residential roof maintenance is one of the smartest investments you can make in your home.

Your roof protects everything you own - your family, your belongings, your entire investment. But unlike your car or HVAC system, most people forget that roofs need regular attention too. That's where our residential maintenance program comes in.

What does residential roof maintenance include? We start with a comprehensive inspection of every shingle on your roof. We're looking for cracks, curling, lifting, and missing pieces. We check all your flashings around chimneys, vents, and skylights - these are the most common leak sources. We inspect vent boots and pipe penetrations for cracks and wear. We clean your gutters and remove all debris from your roof surface. And we make minor repairs on the spot - resealing, recaulking, and securing loose elements.

How often should homeowners have maintenance done? We recommend annual maintenance for most Charlotte homes. If you have lots of trees overhead or live in a heavily wooded area, twice a year is even better - once in spring and once in fall.

Here's the real value proposition. Residential roof maintenance typically costs one hundred fifty to three hundred fifty dollars per visit. A roof replacement costs fifteen to twenty-five thousand dollars. Small problems we catch during maintenance - cracked caulk, worn boot seals, lifted shingles - cost almost nothing to fix during the visit but can cause thousands in water damage if left unchecked.

Plus, and this is important, most manufacturer warranties require documented maintenance to remain valid. Our maintenance records protect your warranty investment.

Our residential maintenance program makes it easy. We remind you when it's time, we work around your schedule, and you get a detailed photo report of everything we find. Protect your home the smart way.","residential roof maintenance charlotte, home roof maintenance, annual roof inspection homeowners, roof maintenance program home, homeowner roof care charlotte, preventive roof maintenance residential",Howto & Style,#ResidentialRoofMaintenance #HomeOwnerTips #RoofCare #CharlotteNC,"residential roof maintenance near me, home roof maintenance, annual roof inspection"
/services/commercial-roof-maintenance,Service Page,Long-form,"Commercial Roof Maintenance | Flat Roof Programs for Charlotte Businesses","Professional bi-annual maintenance programs for commercial flat roofs in Charlotte. TPO, EPDM, PVC, and metal roof systems. Minimize emergency repairs and extend roof life.

What's included:
üè¢ Bi-annual professional inspections
üö∞ Drain and scupper clearing
üîç Membrane and seam checks
üìä Detailed property reports
üîß HVAC penetration assessment

Contact: (704) 555-0123
üåê https://bestroofingnow.com/services/commercial-roof-maintenance

#CommercialRoofMaintenance #FlatRoofCare #BusinessRoofing","Business owners and property managers, let's talk about commercial roof maintenance and why it should be a line item in your operating budget.

Commercial roofs are different from residential roofs. You're typically dealing with flat or low-slope systems - TPO, EPDM, PVC, or modified bitumen. These systems have different failure modes and maintenance needs than shingle roofs. And when a commercial roof fails, it's not just inconvenient - it can shut down your business.

What does commercial roof maintenance include? We perform comprehensive membrane inspections, checking for punctures, tears, and UV degradation. We examine every seam for separation or failure. We clear all drains, scuppers, and gutters - clogged drainage is the number one cause of commercial roof problems. We assess every HVAC penetration and equipment curb. We check parapet walls and copings. And we analyze for ponding water, which accelerates membrane deterioration.

How often should commercial roofs be maintained? We recommend bi-annual maintenance - once in spring after winter weather and once in fall before winter arrives. High-traffic roofs with frequent HVAC access may need quarterly attention.

The business case is clear. Emergency commercial roof repairs can cost thousands of dollars and cause business interruption. Water damage to inventory, equipment, or finished spaces multiplies those costs. Our maintenance program catches problems when they're small - a suspect seam, a slow drain, a deteriorating boot - before they become emergencies.

Every visit includes comprehensive documentation suitable for property management records, insurance requirements, and capital planning. We work around your business hours to minimize disruption.

Charlotte summers are brutal on flat roofs. The heat causes thermal expansion that stresses seams and membranes. Our commercial maintenance program is specifically designed for these conditions. Protect your business investment with proactive care.","commercial roof maintenance charlotte, flat roof maintenance, TPO roof maintenance program, commercial roof inspection, business roof care charlotte, property management roof maintenance, EPDM maintenance program",Howto & Style,#CommercialRoofMaintenance #FlatRoofCare #BusinessRoofing #CharlotteNC,"commercial roof maintenance near me, flat roof maintenance program, business roof maintenance"
/services/skylight-installation,Service Page,Long-form,"Skylight Installation Charlotte NC | VELUX Certified Installers","Add natural light to your home with professional skylight installation. VELUX certified installers in Charlotte, NC. Learn about options, costs, and benefits.

What you'll learn:
‚òÄÔ∏è Benefits of skylights
üè† Skylight options and types
‚ö†Ô∏è Common installation mistakes
‚úÖ Why certification matters

Contact: (704) 555-0123
üåê https://bestroofingnow.com/services/skylight-installation

#Skylights #VELUXSkylights #NaturalLight","Want to transform a dark room with natural light? Let's talk about skylights and what goes into a proper installation.

Skylights are amazing. They flood interior spaces with natural light, reduce your reliance on artificial lighting, can provide ventilation, and make any room feel bigger and more open. Done right, they're a fantastic addition to your home. Done wrong, they can be a nightmare of leaks and problems.

That's why installer certification matters so much. We're VELUX certified installers, which means we've been trained specifically on proper skylight installation techniques. VELUX is the leading skylight manufacturer, and their certification ensures we know exactly how to install their products to prevent leaks and maximize performance.

What skylight options are available? Fixed skylights don't open but provide maximum light. Venting skylights can be opened to let in fresh air and help with ventilation. Solar-powered skylights open and close automatically and qualify for tax credits. There are different sizes, glazing options, and accessories like blinds and shades.

Where do skylights work best? Hallways and stairwells that lack windows. Bathrooms where privacy matters but light is wanted. Kitchens to brighten up cooking spaces. Living areas to reduce daytime lighting costs. Attics converted to living spaces.

Installation involves carefully cutting through your roof, properly framing the opening, installing the skylight with the right flashing system, and ensuring everything is watertight. It's precise work that requires experience. A poorly installed skylight will leak, and leaks cause serious damage.

If you've always wanted more natural light in your home, a skylight might be the answer. We'd be happy to assess your home and recommend the best options.","skylight installation charlotte, velux skylights, add skylight to house, skylight cost, roof skylight installation, natural light home, skylight contractor charlotte, skylight replacement",Howto & Style,#Skylights #VELUXSkylight #NaturalLight #HomeImprovement,"skylight installation near me, velux installer charlotte, skylight cost"
/services/roof-ventilation,Service Page,Long-form,"Roof Ventilation Explained | Why It Matters for Your Charlotte Home","Proper roof ventilation is crucial for your roof's lifespan and your home's comfort. Learn about ventilation systems, signs of problems, and solutions.

What's covered:
üí® How roof ventilation works
üå°Ô∏è Temperature and moisture control
‚ö†Ô∏è Signs of poor ventilation
‚úÖ Ventilation solutions

Contact: (704) 555-0123
üåê https://bestroofingnow.com/services/roof-ventilation

#RoofVentilation #AtticVentilation #HomeComfort","Most homeowners don't think much about roof ventilation, but it might be one of the most important factors affecting your roof's lifespan and your home's comfort. Let me explain why.

Your attic needs to breathe. In summer, without proper ventilation, your attic can reach temperatures of 150 degrees or more. That extreme heat bakes your shingles from below, dramatically shortening their life. It also makes your air conditioning work overtime. In winter, warm moist air from your living space rises into the attic. Without ventilation, that moisture condenses, causing mold, rot, and ice dams.

How does ventilation work? It's all about airflow. Soffit vents at the lower edge of your roof allow cool air to enter. Ridge vents, box vents, or powered vents at the top allow hot air and moisture to escape. This continuous flow keeps your attic temperature closer to outside temperature and prevents moisture buildup.

Signs of poor ventilation include higher than expected energy bills, ice dams in winter, a super hot second floor in summer, visible moisture or mold in your attic, shingles that are aging prematurely, and peeling paint on exterior trim. If you're experiencing any of these, ventilation could be the culprit.

What solutions are available? Adding or upgrading soffit vents. Installing a ridge vent for continuous exhaust. Adding powered attic fans for active ventilation. Improving insulation to work with ventilation. Ensuring existing vents aren't blocked by insulation.

Proper ventilation is part of a healthy roofing system. When we do roof inspections, we always assess ventilation and can recommend improvements. It's an investment that pays off in lower energy bills, a longer-lasting roof, and a more comfortable home.","roof ventilation charlotte, attic ventilation, ridge vent installation, soffit vents, roof venting, attic fan installation, ventilation problems, hot attic solutions",Howto & Style,#RoofVentilation #AtticVentilation #EnergyEfficiency #Charlotte,"attic ventilation near me, roof ventilation solutions, ridge vent installation"
/services/chimney-services,Service Page,Long-form,"Chimney Services Charlotte NC | Flashing, Caps & Waterproofing","Complete chimney services including flashing repair, chimney caps, and waterproofing. Prevent leaks and protect your chimney with Best Roofing Now.

Services include:
üè† Chimney flashing repair
üé© Chimney cap installation
üíß Waterproofing
üîß Chimney repair

Contact: (704) 555-0123
üåê https://bestroofingnow.com/services/chimney-services

#ChimneyServices #ChimneyRepair #ChimneyFlashing","Your chimney is one of the most vulnerable parts of your roof. Where the chimney meets the roof, there's potential for leaks if things aren't properly sealed and maintained. That's what our chimney services are all about.

The most common chimney issue we see is flashing failure. Flashing is the metal that seals the joint between your chimney and roof. Over time, it can corrode, separate, or fail, allowing water to get in. When water gets in around your chimney, it can damage the chimney structure, the roof decking, your attic, and even your interior walls and ceilings.

We repair and replace chimney flashing using quality materials and proper techniques. We use step flashing along the sides and counter flashing into the chimney mortar joints. Done right, this creates a watertight seal that lasts.

Chimney caps are something every chimney should have but many don't. A cap keeps rain, snow, animals, and debris out of your flue. It also contains sparks that come up from your fireplace. We install quality stainless steel chimney caps that last for years.

Waterproofing is another important service. Chimney masonry is porous, it absorbs water. That water can cause freeze damage in winter, deteriorate mortar joints, and lead to expensive structural repairs. We apply specialized waterproofing that lets moisture escape from inside while preventing water from getting in.

We also handle chimney cricket installation. A cricket is a small peaked structure on the uphill side of your chimney that diverts water around it. On wider chimneys, this is essential for preventing water pooling and leaks.

If you have a chimney, don't neglect it. Include it in your regular roof maintenance and address problems early.","chimney services charlotte, chimney flashing repair, chimney cap installation, chimney waterproofing, chimney leak repair, roof chimney repair, chimney crown repair, charlotte chimney contractor",Howto & Style,#ChimneyServices #ChimneyRepair #ChimneyFlashing #Charlotte,"chimney repair near me, chimney flashing, chimney cap installation"
/services/soffit-fascia,Service Page,Long-form,"Soffit & Fascia Services Charlotte NC | Repair and Replacement","Protect your roof's edge with professional soffit and fascia services. Aluminum and vinyl options available. Serving Charlotte and surrounding areas.

What we offer:
üè† Soffit installation and repair
üîß Fascia board replacement
üé® Color-matched materials
üí® Proper ventilation ensured

Contact: (704) 555-0123
üåê https://bestroofingnow.com/services/soffit-fascia

#SoffitFascia #ExteriorTrim #HomeExterior","Soffit and fascia, you've probably heard these terms but might not know exactly what they are or why they matter. Let me explain.

Fascia is the board that runs along the edge of your roof, right where the gutters attach. It's what you see from the ground, that finished edge along your roofline. Fascia protects the edges of your roof rafters from weather and pests.

Soffit is the material that covers the underside of your roof's overhang, the horizontal surface you see when you look up under your eaves. Soffit serves a critical purpose beyond aesthetics. It contains vents that allow airflow into your attic, which as we discussed earlier, is essential for proper roof ventilation.

Why do soffit and fascia need attention? Wood fascia and soffit can rot over time, especially in Charlotte's humid climate. Damage creates entry points for water, insects, and animals like squirrels and raccoons. Deteriorating soffit can block ventilation, causing all the problems we talked about earlier. And let's be honest, rotting trim looks bad and brings down your home's appearance.

Our soffit and fascia services include repair and replacement of damaged sections, complete replacement with new materials, and upgrades from wood to aluminum or vinyl. Aluminum and vinyl soffit and fascia are popular upgrades because they're virtually maintenance free - no painting, no rotting, no worrying.

When we install new soffit, we ensure proper ventilation is maintained or improved. We color-match materials to your home's exterior for a clean, finished look.

This work often makes sense to combine with roof replacement or gutter installation since we're already working on your roofline. If you've noticed deteriorating trim on your home, don't wait. Let's take care of it before it causes bigger problems.","soffit repair charlotte, fascia replacement, soffit and fascia installation, aluminum soffit, vinyl fascia, roof trim repair, soffit vents, exterior trim charlotte",Howto & Style,#SoffitFascia #ExteriorTrim #HomeExterior #CharlotteNC,"soffit and fascia near me, fascia board replacement, soffit repair"
/services/flat-roof-repair,Service Page,Long-form,"Flat Roof Repair Charlotte NC | TPO, EPDM & Coating Solutions","Expert flat roof repair services in Charlotte. We work with TPO, EPDM, modified bitumen, and offer coating solutions for extended roof life.

What's covered:
üè† Common flat roof problems
üîß Repair options explained
üéØ Coating vs replacement
‚úÖ Maintenance recommendations

Contact: (704) 555-0123
üåê https://bestroofingnow.com/services/flat-roof-repair

#FlatRoofRepair #TPORoofing #CommercialRoof","Flat roofs have unique challenges that require specialized knowledge. Today I'm covering flat roof repair and what you need to know if you have a flat or low-slope roof.

Flat roofs are common on commercial buildings but plenty of residential properties have them too, especially on additions, garages, and modern home designs. The materials and repair techniques are different from sloped roofs.

Common flat roof problems include ponding water, where water pools and doesn't drain properly. This standing water accelerates wear and eventually causes leaks. Membrane damage from foot traffic, UV exposure, or physical damage. Seam failures where membrane sheets are joined together. Flashing problems around penetrations like vents and HVAC equipment. And general aging and deterioration over time.

What repair options are available? For TPO and PVC roofs, we can patch damaged areas, re-weld seams, and address localized problems. For EPDM rubber roofs, we use adhesives and specialized patches. For built-up roofs, we can apply repair compounds and additional layers.

Roof coatings are an excellent option for extending flat roof life. A properly applied coating creates a new waterproof surface, reflects UV rays to reduce heat and wear, and can add years to your existing roof. We offer various coating types depending on your roof's material and condition.

When is it time to replace rather than repair? If you're dealing with widespread damage, multiple repair areas, or the roof is near the end of its expected lifespan, replacement often makes more economic sense than repeated repairs.

Proper maintenance is especially important for flat roofs. Regular inspections, debris removal, and catching small problems early can dramatically extend your flat roof's life.","flat roof repair charlotte, commercial roof repair, tpo roof repair, epdm repair, flat roof coating, rubber roof repair, low slope roof repair, flat roof maintenance",Howto & Style,#FlatRoofRepair #TPORoofing #CommercialRoof #CharlotteNC,"flat roof repair near me, commercial roof repair charlotte, flat roof coating"
/faq,FAQ Hub,Long-form,"Roofing FAQ | Top Questions Answered by Charlotte Roofing Experts","Get answers to the most common roofing questions. Our Charlotte roofing experts answer questions about costs, insurance, materials, and more.

Categories covered:
üí∞ Pricing & Cost Questions
üìã Insurance Claims
‚è±Ô∏è Process & Timeline
üè† Materials & Options
‚õàÔ∏è Weather & Storm Damage

Contact: (704) 555-0123
üåê https://bestroofingnow.com/faq

#RoofingFAQ #RoofingQuestions #AskARoofer","Today I'm going to answer the most common questions we get from homeowners about roofing. Whether you're dealing with your first roof issue or you're a seasoned homeowner, these are the questions that come up again and again.

Let's start with pricing questions. How much does a new roof cost? The honest answer is it depends on several factors - your roof's size, the materials you choose, and its complexity. For a typical Charlotte home, you might be looking at anywhere from fifteen to thirty thousand dollars for a complete replacement. We provide free, detailed estimates so you know exactly what you're getting.

How long does a roof last? Most asphalt shingle roofs last twenty to thirty years. Metal roofs can go fifty years or more. Tile and slate can last a century with proper care. The key is quality installation and regular maintenance.

Should I repair or replace? If damage is localized and your roof is relatively young, repair usually makes sense. If you're seeing problems across the roof or it's approaching twenty years old, replacement is often the better investment.

Insurance questions are big ones. Will insurance cover my roof? It depends on what caused the damage. Storm damage, including hail and wind, is typically covered. Normal wear and aging usually isn't. We can help assess your situation and work with your insurance if there's a claim.

How long does installation take? A typical residential roof replacement takes one to three days, weather permitting. We work efficiently while maintaining quality.

What about financing? We offer multiple financing options including zero percent interest plans. A new roof shouldn't be out of reach because of upfront costs.

These are just a few of the questions we answer every day. Check out our full FAQ page for more, or give us a call with your specific questions.","roofing questions, roof faq, how much is a new roof, roof cost charlotte, roofing answers, roof insurance questions, roof replacement questions, common roofing questions",Howto & Style,#RoofingFAQ #RoofingQuestions #AskARoofer #Charlotte,"roofing questions answers, how much does roof cost, roofing faq"
/emergency,Emergency Page,Long-form,"Roof Emergency? Here's Exactly What to Do | 24/7 Charlotte Response","Experiencing a roof emergency? Learn what to do RIGHT NOW and how to get immediate help. 24/7 emergency roofing services in Charlotte.

Emergency types covered:
üå≥ Tree on roof
üíß Major leak
‚õàÔ∏è Storm damage
üî• Fire damage
‚ö†Ô∏è Structural issues

24/7 EMERGENCY: (704) 555-0123
üåê https://bestroofingnow.com/emergency

#RoofEmergency #EmergencyResponse #24HourRoofer","If you're watching this because you're dealing with a roof emergency right now, first, stay calm. Second, make sure everyone is safe. Third, call us immediately at the number on screen, we're available 24/7.

For everyone else, this video will prepare you for what to do if a roofing emergency ever happens.

What counts as an emergency? A tree falling on your roof. Major leaks with water actively pouring into your home. Storm damage that has left your roof exposed. Fire damage affecting your roof. Any structural damage or signs of potential collapse. Missing large sections of roofing after severe weather.

If any of these happen, here's your immediate action plan. Step one, ensure everyone in the home is safe. If there's structural damage, get everyone out. Step two, if it's safe, turn off electricity to affected areas to prevent electrical hazards from water. Step three, try to contain water damage inside using buckets, towels, and plastic tarps over furniture. Step four, document everything with photos and video for insurance. Step five, call for professional emergency help.

When you call us for an emergency, here's what happens. We dispatch a crew immediately, typically arriving within one to two hours. We assess the situation and make your property safe. We install emergency tarping or make temporary repairs to prevent further damage. We provide documentation for your insurance claim. We then schedule permanent repairs for as soon as possible.

What not to do during an emergency. Don't climb on a damaged roof yourself. Don't try to make major repairs on your own. Don't ignore safety concerns hoping the problem will wait until morning.

Save our number in your phone right now. When an emergency happens, you want to be ready.","roof emergency help, emergency roof repair, tree fell on roof, major roof leak, storm damage emergency, 24 hour roof service, roof emergency what to do, roof damage emergency",Howto & Style,#RoofEmergency #EmergencyRoofer #24HourService #Charlotte,"roof emergency near me, emergency roofer charlotte, tree on roof help"
/financing,Financing Page,Long-form,"Roofing Financing Options | Affordable Payment Plans Charlotte NC","Don't let cost stop you from getting a new roof. Learn about our financing options including 0% APR and affordable monthly payments.

Options covered:
üí∞ 0% APR for 12 months
üìÖ Low monthly payments
‚úÖ Same-day approval
üéØ Flexible terms

Apply Now: (704) 555-0123
üåê https://bestroofingnow.com/financing

#RoofFinancing #AffordableRoofing #PaymentPlans","A new roof is a major investment, and we believe cost shouldn't prevent you from protecting your home. That's why we offer flexible financing options. Let me explain how it works.

We've partnered with reputable financing companies to offer options that work for different situations. Our most popular option is zero percent APR for twelve months. This means you can get your new roof now and pay it off over the next year with no interest. For larger projects or if you need more time, we have longer-term options with competitive rates and monthly payments that fit your budget.

How does the approval process work? It's simple and fast. You fill out a quick application, takes about five minutes. You get a decision, often same day. If approved, we can schedule your project immediately. You make comfortable monthly payments that work for your budget.

What about credit requirements? While every situation is different, we work with financing partners who consider applicants across the credit spectrum. Don't assume you won't qualify, let's find out together.

Some important questions we get. Can I pay it off early? Yes, absolutely, with no prepayment penalties. What information do I need to apply? Basic personal and income information. Will applying affect my credit score? The initial check is usually a soft inquiry that doesn't impact your score.

Why finance instead of waiting? Water damage from a failing roof compounds quickly and leads to much more expensive repairs. Financing lets you address the problem now while spreading out the cost. Plus, a new roof adds value to your home and can reduce your energy bills, which helps offset the payments.

Don't let your roof continue to deteriorate because of cost concerns. Let's talk about options that work for your situation.","roof financing charlotte, roof payment plans, affordable roofing, 0% roof financing, roof financing options, monthly payments roof, finance new roof, roof loans charlotte",Howto & Style,#RoofFinancing #PaymentPlans #AffordableRoofing #Charlotte,"roof financing near me, 0 percent roof financing, roof payment plan options"
/process,Process Page,Long-form,"Our Roofing Process Explained | From Inspection to Installation","Watch our complete 6-step roofing process from start to finish. Know exactly what to expect when you work with Best Roofing Now.

Steps covered:
1Ô∏è‚É£ Free Inspection
2Ô∏è‚É£ Proposal & Materials
3Ô∏è‚É£ Scheduling
4Ô∏è‚É£ Installation Day
5Ô∏è‚É£ Quality Inspection
6Ô∏è‚É£ Warranty Registration

Contact: (704) 555-0123
üåê https://bestroofingnow.com/process

#RoofingProcess #WhatToExpect #NewRoof","Wondering what it's like to work with us from start to finish? Let me walk you through our complete roofing process so you know exactly what to expect.

Step one is your free inspection and consultation. One of our experienced team members comes to your home, climbs up on your roof, and does a thorough assessment. We check shingles, flashing, vents, gutters, and everything else. We take photos and notes. Then we sit down with you and explain what we found, no jargon, no pressure, just honest information.

Step two is your proposal and material selection. Based on the inspection, we put together a detailed proposal outlining the scope of work and cost. We present your material options, whether that's architectural shingles, designer shingles, metal, or other options. We explain the differences in appearance, durability, warranty, and price so you can make an informed choice.

Step three is scheduling and preparation. Once you approve the proposal, we schedule your installation at a time that works for you. Before the work day, we coordinate material delivery and provide you with instructions on preparing your property, things like moving vehicles and trimming back landscaping near the house.

Step four is installation day, the big one. Our crew arrives on time and gets to work. We protect your landscaping and property. We remove the old roof down to the decking. We inspect the decking for damage and repair any issues. We install underlayment, drip edge, flashing, and your new roofing material. We work efficiently but never rush, quality is never sacrificed for speed.

Step five is quality inspection and cleanup. Once installation is complete, we do a detailed quality inspection, checking every element. Then we clean up completely - we haul away all old materials, run magnetic sweepers over your yard to catch stray nails, and leave your property looking better than we found it.

Step six is warranty registration. We register your manufacturer warranty and provide you with all documentation. We explain what's covered and how to maintain your warranty. And we're always here if you have questions down the road.

That's our process. Professional, transparent, and focused on your satisfaction.","roofing process, roof installation steps, what to expect roof replacement, how roof replacement works, roof installation day, roofing process explained, working with roofer, roof replacement timeline",Howto & Style,#RoofingProcess #NewRoof #WhatToExpect #CharlotteNC,"roof replacement process, what to expect roofing, roof installation steps"
/warranty,Warranty Page,Long-form,"Understanding Roofing Warranties | Manufacturer vs Workmanship Coverage","Learn about roofing warranties - manufacturer warranties, workmanship warranties, and what can void your coverage. Make informed decisions about your roof.

Topics covered:
üìã Manufacturer warranties explained
üîß Workmanship warranty coverage
‚ö†Ô∏è What voids warranties
üèÜ Our certifications

Contact: (704) 555-0123
üåê https://bestroofingnow.com/warranty

#RoofingWarranty #WarrantyCoverage #RoofProtection","Roofing warranties can be confusing, but they're incredibly important. Today I'm breaking down everything you need to know about warranty coverage for your roof.

First, understand there are two main types of warranties. Manufacturer warranties cover the materials themselves, the shingles, the underlayment, the components. If there's a defect in the product, the manufacturer warranty kicks in. These typically last anywhere from twenty five years to lifetime, depending on the product.

Workmanship warranties cover the installation. Even the best materials will fail if installed incorrectly. A workmanship warranty means if something goes wrong because of how the roof was installed, the contractor makes it right. This is why choosing your contractor matters so much. Our workmanship warranty protects you for years after installation.

Extended warranties are enhanced coverage options. When you use certified installers like us, you can often access better manufacturer warranty options that cover more for longer periods. This is a major benefit of working with certified contractors.

What voids warranties? This is important. Using uncertified installers can void manufacturer warranties. Improper repairs by non-qualified contractors. Poor attic ventilation that damages materials. Adding satellite dishes or antennas without proper sealing. Not maintaining your roof. Walking on your roof improperly.

Our certifications matter for your warranty. We're certified by GAF, CertainTeed, and Owens Corning. This means we've proven we know how to install their products correctly, and it gives you access to the best warranty options available. Some warranties are only available through certified contractors.

When we complete your project, we handle all warranty registration and provide you with documentation explaining your coverage. We also give you maintenance guidelines to ensure your warranty stays valid.

Understanding your warranty is part of protecting your investment. Don't hesitate to ask us questions about coverage.","roofing warranty explained, manufacturer warranty roof, workmanship warranty, roof warranty coverage, what voids roof warranty, extended roof warranty, gaf warranty, certainteed warranty",Howto & Style,#RoofingWarranty #WarrantyCoverage #RoofProtection #HomeOwnerTips,"roofing warranty, roof warranty explained, manufacturer vs workmanship warranty"
/reviews,Reviews Page,Long-form,"Real Customer Reviews | See Why Charlotte Homeowners Choose Us","Watch real reviews from Charlotte homeowners who chose Best Roofing Now. See our 5-star ratings and hear directly from satisfied customers.

What customers say:
‚≠ê 5.0 Star Average Rating
üìä 100+ Verified Reviews
üèÜ A+ BBB Rating
üíØ 100% Satisfaction

Read Reviews: https://bestroofingnow.com/reviews
Book Inspection: (704) 555-0123

#CustomerReviews #5StarRoofer #Charlotte","Nothing we can say about ourselves matters as much as what our customers say about us. Today I want to share some real feedback from homeowners we've had the privilege of serving.

Our numbers speak for themselves. We maintain a five star average rating across all platforms. We have over a hundred verified reviews. We hold an A plus rating with the Better Business Bureau. And we have a hundred percent customer satisfaction focus.

Let me share some actual feedback. One customer said, quote, Best Roofing Now was professional from start to finish. They showed up when they said they would, did the job right, and cleaned up like they were never there. My new roof looks amazing, end quote.

Another wrote, quote, After the storm damaged our roof, we were stressed about the insurance process. The team at Best Roofing Now handled everything. They documented the damage, met with our adjuster, and got us approved for a complete replacement. We couldn't have asked for better service, end quote.

A commercial client shared, quote, Finding a reliable commercial roofer isn't easy. Best Roofing Now has maintained our warehouse roof for three years now. Professional, responsive, and fair pricing. They have our business for life, end quote.

What do customers consistently mention? Our communication throughout the project. Our professionalism and timeliness. The quality of our work. How we leave properties clean. And our honest, no-pressure approach.

We're proud of our reputation because we've earned it one roof at a time. Every project gets the same attention to detail, whether it's a small repair or a complete replacement.

Want to see more reviews? Check out our Google profile, our Better Business Bureau page, or the reviews section of our website. And when your project is complete, we hope you'll share your experience too.","roofing reviews charlotte, best roofer reviews, customer testimonials roofing, 5 star roofer charlotte, trusted roofing company reviews, bbb rated roofer, top rated roofer charlotte, roofing company reviews",People & Blogs,#CustomerReviews #5StarRoofer #CharlotteNC #TrustedRoofer,"best roofer reviews near me, top rated roofing company charlotte, roofing reviews"
/guides,Guides Hub,Long-form,"Roofing Guides Hub | Expert Resources for Homeowners","Access our library of roofing guides covering costs, signs you need a new roof, maintenance tips, insurance claims, and choosing a contractor.

Guides available:
üìñ Roof Replacement Cost Guide
üîç Signs You Need a New Roof
‚è±Ô∏è How Long Does a Roof Last
üîß Roof Maintenance Tips
üìã Insurance Claim Guide

Visit: https://bestroofingnow.com/guides
Contact: (704) 555-0123

#RoofingGuides #HomeOwnerResources #RoofEducation","Knowledge is power, especially when it comes to your home. We've created a library of in-depth roofing guides to help you make informed decisions. Let me tell you what's available.

Our Roof Replacement Cost Guide breaks down everything that affects the price of a new roof. Materials, size, complexity, removal of old roof, and more. After reading this guide, you'll understand exactly what goes into a roofing estimate.

The Signs You Need a New Roof guide helps you assess your own roof. We cover ten warning signs that indicate it might be time for replacement, what causes each issue, and how urgent each sign is. This guide could save you from expensive water damage by helping you catch problems early.

How Long Does a Roof Last covers lifespan expectations for every type of roofing material. Asphalt shingles, metal, tile, slate, and more. We explain what affects longevity and how to maximize your roof's life.

Our Roof Maintenance Tips guide gives you actionable steps to take care of your roof year-round. Seasonal maintenance, what to look for, and when to call a professional. These tips can add years to your roof's life.

The Insurance Claim Guide walks you through the entire process of filing and maximizing a roof damage claim. What to document, how to work with adjusters, and common mistakes to avoid.

Finally, Choosing a Roofing Contractor helps you vet potential contractors. Red flags to watch for, questions to ask, and how to compare estimates. Even if you don't choose us, this guide will help you avoid problem contractors.

All these guides are free on our website. We believe educated homeowners make better decisions, and we'd rather earn your business through knowledge and trust than pressure and sales tactics.","roofing guides, roof replacement guide, roofing tips, homeowner roofing resources, roofing education, how to guides roofing, roof maintenance guide, roofing contractor tips",Education,#RoofingGuides #HomeOwnerTips #RoofEducation #Charlotte,"roofing guide, roof replacement cost guide, roofing tips for homeowners"
/materials,Materials Hub,Long-form,"Roofing Materials Compared | Find the Right Option for Your Home","Compare all roofing materials - asphalt shingles, metal, tile, slate, and more. Learn about costs, durability, and which is best for Charlotte homes.

Materials covered:
üè† Asphalt Shingles
üî© Metal Roofing
üß± Tile Roofing
‚¨õ Slate Roofing
üî∑ Composite Options

Contact: (704) 555-0123
üåê https://bestroofingnow.com/materials

#RoofingMaterials #MaterialComparison #BestRoofingOption","Choosing the right roofing material is one of the biggest decisions you'll make for your home. Today I'm comparing all your options so you can make an informed choice.

Asphalt shingles are the most popular choice in America, and for good reason. They're affordable, come in countless styles and colors, and last twenty to thirty years. They're suitable for most home styles and climates. Within asphalt, you have three-tab shingles, which are the basic option, architectural shingles, which offer better looks and durability, and designer shingles, which mimic the look of wood or slate.

Metal roofing has grown dramatically in popularity. It lasts fifty years or more, reflects heat for energy savings, and handles severe weather exceptionally well. Options include standing seam for a modern look, metal shingles that mimic traditional styles, and corrugated metal for certain applications. Higher upfront cost, but incredible longevity.

Tile roofing, whether clay or concrete, offers distinctive beauty and can last a hundred years. It's heavy, so your structure needs to support it, and installation requires specialized expertise. Common on Mediterranean, Spanish, and Southwestern style homes.

Slate is the premium choice. Natural stone that can last over a century with proper care. It's beautiful, fireproof, and extremely durable. It's also heavy and expensive, typically found on high-end homes and historic properties.

Composite materials aim to give you the look of premium materials at a lower cost and weight. Synthetic slate and composite shakes offer excellent durability without some of the drawbacks of natural materials.

For Charlotte specifically, asphalt shingles and metal are the most practical choices for most homes. Our humid climate and occasional severe weather make durability important. We can help you weigh the options based on your home's style, your budget, and your priorities.","roofing materials comparison, best roofing material, asphalt vs metal roofing, roofing material options, shingle types compared, metal roof vs shingles, roofing material cost, charlotte roof materials",Howto & Style,#RoofingMaterials #MaterialComparison #CharlotteRoofing #HomeImprovement,"best roofing material, roof material comparison, shingles vs metal"
/roof-types,Roof Types Hub,Long-form,"Roof Types Explained | Gable, Hip, Flat & More","Learn about different roof types - gable, hip, flat, mansard, gambrel, and more. Understand which roof type you have and its implications.

Roof types covered:
üè† Gable Roofs
üî∫ Hip Roofs
‚ûñ Flat Roofs
üè∞ Mansard Roofs
üèöÔ∏è Gambrel Roofs

Contact: (704) 555-0123
üåê https://bestroofingnow.com/roof-types

#RoofTypes #RoofStyles #HomeArchitecture","Do you know what type of roof you have? Different roof styles have different characteristics, maintenance needs, and even influence material choices. Let me walk you through the most common roof types.

Gable roofs are the most common type in America. They have two sloping sides that meet at a ridge, forming a triangular shape at the ends. They're simple, effective at shedding water and snow, provide good attic ventilation, and work with virtually any roofing material. The triangular ends can be vulnerable to wind damage, though.

Hip roofs have slopes on all four sides that meet at the top. They're more stable than gable roofs in high winds because there are no flat ends to catch the wind. They're common in hurricane-prone areas. The trade-off is they're more complex to build and roof, which increases costs.

Flat roofs aren't actually flat, they have a very slight slope for drainage. They're common on commercial buildings and modern homes. They offer usable outdoor space and are easier to install HVAC equipment on. They require different materials than sloped roofs and need good drainage to avoid water pooling.

Mansard roofs have four sides with two slopes on each side, the lower slope steeper than the upper. They create maximum attic space and are often used to add extra living area. The double slope can be challenging for roofing and maintenance.

Gambrel roofs look like barn roofs, with two slopes on each side, the lower one quite steep. They maximize upper-floor space and provide a distinctive look.

There are also shed roofs with a single slope, butterfly roofs that angle inward, sawtooth roofs common on industrial buildings, and various combination styles.

Why does roof type matter? It affects material choices, maintenance requirements, water drainage, snow load handling, wind resistance, and cost. Understanding your roof type helps you make better decisions about its care and replacement.","roof types explained, gable roof, hip roof, flat roof types, mansard roof, gambrel roof, roof styles, types of roofs charlotte",Education,#RoofTypes #RoofStyles #HomeArchitecture #RoofEducation,"types of roofs, gable vs hip roof, roof style guide"
/problems,Problems Hub,Long-form,"Common Roofing Problems | Identify & Fix Issues Before They Spread","Learn to identify common roofing problems - leaks, missing shingles, damaged flashing, ice dams, and more. Know when to DIY and when to call a pro.

Problems covered:
üíß Roof Leaks
üì¶ Missing Shingles
‚ö° Damaged Flashing
‚ùÑÔ∏è Ice Dams
üåø Moss & Algae

Contact: (704) 555-0123
üåê https://bestroofingnow.com/problems

#RoofProblems #RoofDiagnosis #FixMyRoof","Your roof has a problem, but what exactly is wrong? Today I'm helping you identify common roofing issues, understand their causes, and know when to call for professional help.

Roof leaks are the most obvious problem and what usually drives people to call us. Leaks can come from damaged shingles, failed flashing, cracked vent boots, or dozens of other sources. The tricky part is the leak inside your house often isn't directly below where water is entering the roof. Water travels along rafters and decking before finding a way through. Tracking down the source requires experience.

Missing shingles are easy to spot from the ground. Storm winds are the usual culprit, but age and poor installation can cause them too. Each missing shingle is an exposed spot where water can get in. This needs prompt attention.

Damaged flashing around chimneys, vents, skylights, and roof edges is a major source of leaks. Flashing can corrode, separate from surfaces, or fail at joints. Often the damage isn't visible from the ground but shows up during inspection.

Ice dams happen in winter when heat escaping from your attic melts snow, which refreezes at the cold roof edge. The ice backs up, trapping water that can get under shingles and into your home. The fix usually involves addressing ventilation and insulation, not just the ice itself.

Moss and algae growth aren't just ugly. They can damage shingles over time. Moss holds moisture against the roof surface, and algae can eat away at shingle materials. Prevention and proper cleaning are the answers.

Sagging areas indicate structural issues that need immediate professional assessment. Poor ventilation leads to multiple problems including premature aging and moisture damage.

Don't ignore roofing problems hoping they'll stay the same. They always get worse. Early intervention saves money.","roofing problems, roof leak causes, missing shingles problem, roof flashing issues, ice dam damage, moss on roof, roof problem diagnosis, roof damage signs",Howto & Style,#RoofProblems #RoofDiagnosis #FixMyRoof #Charlotte,"roof problems, roof leak fix, common roof issues"
/locations,Locations Hub,Long-form,"Service Areas | Roofing Across Charlotte & 50+ NC/SC Cities","Best Roofing Now serves Charlotte and 50+ surrounding cities in North Carolina and South Carolina. Find out if we serve your area.

Areas served:
üìç Charlotte & Mecklenburg County
üè† Lake Norman Area
üå≥ Union County
üè≠ Gaston County
‚≠ê South Carolina (York County)

Contact: (704) 555-0123
üåê https://bestroofingnow.com/locations

#CharlotteRoofing #NCRoofer #SCRoofer #ServiceAreas","Wondering if we serve your area? Let me tell you about our coverage across the Charlotte metro region.

We're based in Charlotte and serve over fifty cities across North Carolina and South Carolina. Our crews know these communities, understand the local building codes, and have worked on thousands of roofs in the area.

In Mecklenburg County, we're everywhere. Charlotte, Huntersville, Cornelius, Davidson, Matthews, Mint Hill, and Pineville. This is our home base and where we do the majority of our work.

The Lake Norman area is a major part of our coverage. Mooresville, Denver, Sherrills Ford, and all the communities around the lake. We understand the specific needs of lakefront and waterfront properties.

Union County including Monroe, Indian Trail, Waxhaw, Stallings, Weddington, Marvin, and Wesley Chapel. These growing communities have kept us busy with both new construction and existing home services.

Cabarrus County with Concord, Kannapolis, and Harrisburg. Gaston County with Gastonia, Mount Holly, Belmont, and surrounding areas. We also serve Lincoln, Catawba, Iredell, Rowan, and Cleveland counties.

Across the border in South Carolina, we cover York County extensively. Rock Hill, Fort Mill, Tega Cay, Lake Wylie, Clover, and York. Lancaster County including Indian Land and Lancaster. Chester County as well.

Why does local matter? Building codes vary by jurisdiction. Weather patterns and conditions differ across the region. We know which materials perform best where, which inspectors to work with, and how to navigate local requirements.

No matter which community you're in, you get the same quality, professionalism, and commitment to excellence. Check our website for your specific city or give us a call to confirm we service your area.","charlotte roofing service area, roofing huntersville nc, rock hill roofer, concord nc roofing, fort mill roofing, lake norman roofer, union county roofing, nc sc roofer",People & Blogs,#ServiceAreas #CharlotteRoofing #NCRoofer #SCRoofer,"roofer near me charlotte, roofing service areas, nc sc roofing contractor"
/seasonal,Seasonal Tips,Long-form,"Seasonal Roof Care | Year-Round Maintenance Guide for Charlotte","Protect your roof through every season with our year-round maintenance guide. Spring, summer, fall, and winter tips for Charlotte homeowners.

Seasons covered:
üå∏ Spring Inspection & Cleaning
‚òÄÔ∏è Summer Heat Protection
üçÇ Fall Preparation
‚ùÑÔ∏è Winter Weather Tips

Contact: (704) 555-0123
üåê https://bestroofingnow.com/seasonal

#SeasonalRoofCare #RoofMaintenance #YearRoundCare","Charlotte weather takes your roof through a lot over the course of a year. Today I'm sharing seasonal tips to keep your roof in top shape through every season.

Spring is inspection and recovery time. Winter storms may have caused damage you haven't noticed yet. Schedule an inspection to catch any problems. Clear off debris that accumulated over winter. Check gutters and downspouts for clogs and damage. Look for any signs of winter moisture damage in your attic. Spring is ideal for repairs and maintenance before the heat of summer.

Summer in Charlotte is hot and often humid. Heat is hard on roofing materials, especially dark-colored shingles. Make sure your attic ventilation is working properly to reduce heat buildup. Check that vents aren't blocked by insulation or debris. Watch for signs of storm damage after summer thunderstorms. Trim back tree branches that may have grown toward your roof.

Fall is preparation time. Get leaves and debris off your roof before they accumulate and hold moisture. Clean out gutters thoroughly before winter, clogged gutters lead to ice dam problems. Have an inspection done to address any issues before winter weather arrives. Check flashing and seals to make sure water can't get in.

Winter in Charlotte can bring ice, snow, and freezing temperatures, though usually not as extreme as up north. Never try to remove ice or snow from your roof yourself, it's dangerous and you can cause damage. Watch for ice dams forming at roof edges. Keep gutters clear so water can flow when things melt. After any winter storm, do a visual check from the ground for obvious damage.

Year-round, keep trees trimmed back from your roof, watch for any changes in how your roof looks, and address problems promptly. A little attention each season prevents big repairs later.","seasonal roof maintenance, spring roof inspection, summer roof care, fall gutter cleaning, winter roof tips, year round roof care, charlotte seasonal roof, roof maintenance schedule",Howto & Style,#SeasonalRoofCare #YearRoundMaintenance #CharlotteRoofing #RoofTips,"seasonal roof care, roof maintenance by season, charlotte roof maintenance"
/locations/charlotte,Location Page,Long-form,"Charlotte NC Roofing | Your Local Trusted Roofing Contractor","Looking for a roofer in Charlotte, NC? Best Roofing Now is Charlotte's trusted choice for residential and commercial roofing services.

Why Charlotte chooses us:
üè† Local company, local knowledge
‚≠ê 5.0 star rated
üéñÔ∏è Veteran-owned
‚úÖ All roofing services offered

Charlotte Contact: (704) 555-0123
üåê https://bestroofingnow.com/locations/charlotte

#CharlotteRoofing #CharlotteNC #LocalRoofer","If you're looking for a roofer in Charlotte, you've found the right company. Best Roofing Now is Charlotte's home-grown roofing contractor, and today I want to tell you why Charlotte homeowners and businesses choose us.

We're not some national franchise, we're local. Charlotte is our home, we live here, work here, and have built our reputation here. We understand Charlotte's unique roofing challenges, the humid climate that can lead to moisture issues, the occasional severe storms that cause damage, and the architectural variety across our neighborhoods.

We serve every part of Charlotte. Uptown, South End, NoDa, Plaza Midwood, Dilworth, Myers Park, Ballantyne, University City, Steele Creek, and everywhere in between. From historic homes in older neighborhoods to new construction in growing areas, we've worked on every type of property.

What sets us apart in Charlotte? First, our reputation. We've built a five-star rating through years of quality work and customer service. Check our Google reviews, our BBB rating, our Facebook page, people trust us with their homes.

Second, our expertise. We're certified by GAF, CertainTeed, and Owens Corning. We know roofing materials and techniques inside and out.

Third, our values. As a veteran-owned company, we bring military discipline and integrity to every project. We show up when we say we will, we do what we say we'll do, and we stand behind our work.

Fourth, our service range. Whatever you need for your roof, siding, or gutters, we handle it. Inspections, repairs, replacements, maintenance, emergency service, all of it.

Charlotte, we're proud to be your local roofing company. When you're ready to work with people who care about their community and their craft, give us a call.","charlotte nc roofing, roofer charlotte, roofing contractor charlotte nc, charlotte roof repair, charlotte roof replacement, best roofer charlotte, local roofer charlotte, charlotte nc roof company",People & Blogs,#CharlotteRoofing #CharlotteNC #LocalRoofer #VeteranOwned,"roofer in charlotte nc, charlotte roofing company, roof repair charlotte nc"
/locations/huntersville,Location Page,Long-form,"Huntersville NC Roofing | Serving Lake Norman's South Shore","Need a roofer in Huntersville, NC? Best Roofing Now provides expert roofing services to Huntersville and the Lake Norman area.

Why Huntersville chooses us:
üè† Lake Norman area expertise
‚≠ê 5.0 star rated
üè° Residential & commercial
‚úÖ All services available

Contact: (704) 555-0123
üåê https://bestroofingnow.com/locations/huntersville

#HuntersvilleRoofing #LakeNorman #NCRoofer","Huntersville homeowners, if you're looking for a reliable roofing contractor, I want to tell you why Best Roofing Now is the right choice for your community.

Huntersville sits at the south end of Lake Norman, one of the most desirable areas in the Charlotte metro. The homes here range from established neighborhoods to brand new construction, from modest starter homes to luxurious lakefront properties. We've worked on all of them.

What makes roofing in Huntersville unique? The proximity to Lake Norman creates specific conditions, slightly higher humidity, occasional lake-effect weather, and for lakefront properties, considerations about wind exposure and moisture. We understand these factors and account for them in our recommendations and installations.

Huntersville has grown tremendously, and with that growth comes a mix of roof ages and conditions. Older neighborhoods may have roofs approaching replacement age. Newer developments sometimes have issues from rushed construction during the building boom. We've seen it all and can handle whatever your home needs.

Our Huntersville services include complete roof replacement with premium materials, repairs of all sizes, storm damage assessment and restoration, gutter installation and repair, free inspections, and emergency services.

We've built a strong reputation in Huntersville through quality work and referrals. When your neighbor gets a new roof and it looks great, ask them who did it. Chances are, you'll hear about us.

From Birkdale to Rosedale to Skybrook and beyond, we're your Huntersville roofing specialists. We know the neighborhoods, we know the homes, and we know how to protect your investment. Give us a call for your free inspection.","huntersville nc roofing, roofer huntersville, lake norman roofer, huntersville roof repair, huntersville roof replacement, roofing contractor huntersville nc, birkdale roofer, north charlotte roofing",People & Blogs,#HuntersvilleRoofing #LakeNorman #NCRoofer #LocalContractor,"roofer in huntersville nc, huntersville roofing company, lake norman roofing"
/locations/rock-hill,Location Page,Long-form,"Rock Hill SC Roofing | Trusted Contractor Across York County","Best Roofing Now serves Rock Hill, SC and all of York County. Expert roofing services for South Carolina homeowners and businesses.

Why Rock Hill chooses us:
üè† York County expertise
‚≠ê 5.0 star rated
üéñÔ∏è Veteran-owned values
‚úÖ Full service roofing

Contact: (704) 555-0123
üåê https://bestroofingnow.com/locations/rock-hill

#RockHillRoofing #YorkCountySC #SCRoofer","Rock Hill, South Carolina, let me tell you why Best Roofing Now should be your roofing contractor.

While we're based in Charlotte, we serve the entire York County area extensively. Rock Hill, Fort Mill, Tega Cay, Lake Wylie, Clover, York, all of it. We cross the state line every day because homeowners here deserve the same quality service as our North Carolina customers.

Rock Hill has a great mix of housing, from historic homes downtown to neighborhoods established over decades to all the new development happening as people discover what a great community this is. Each type of home has its own roofing needs, and we're experienced with all of them.

South Carolina does have some differences from North Carolina when it comes to construction, building codes and requirements can vary. We know the York County inspection process, we're familiar with local requirements, and we ensure every job meets or exceeds code.

Our services in Rock Hill include residential roofing for homes of all sizes, commercial roofing for businesses, storm damage repair and insurance claim assistance, gutter and siding services, and emergency roofing when you need it fast.

The Charlotte metro doesn't stop at the state line, and neither do we. Rock Hill homeowners get the same quality, professionalism, and warranty coverage as our customers anywhere else. We bring the same crews, the same materials, and the same commitment to excellence.

If you're in Rock Hill or anywhere in York County and need roofing help, we're just a phone call away. Let's schedule your free inspection and show you what quality roofing service looks like.","rock hill sc roofing, roofer rock hill, york county roofer, rock hill roof repair, rock hill roof replacement, south carolina roofer, fort mill roofing, roofing contractor rock hill sc",People & Blogs,#RockHillRoofing #YorkCountySC #SCRoofer #VeteranOwned,"roofer in rock hill sc, rock hill roofing company, york county sc roofing"
